year,country_code,metric_code,mean,sd,lobound_10,upbound_90
2017,AGO,arrest,4.301311493,0.624063671,3.502510071,5.100112915
2018,AGO,arrest,3.085556984,0.213555828,2.812205553,3.358908415
2017,AGO,assem,4.706525803,0.016633712,4.685234547,4.727817059
2018,AGO,assem,3.004011393,0.158523127,2.801101685,3.206921101
2017,AGO,disap,8.291035652,0.58185339,7.546263218,9.03580761
2018,AGO,disap,8.119400024,0.8028813,7.091711998,9.147088051
2017,AGO,dpex,9.164679527,0.242692739,8.854032516,9.475326538
2018,AGO,dpex,9.164692879,0.242683545,8.854058266,9.475327492
2017,AGO,empower,5.42455864,0.813987672,4.38265419,6.466463089
2018,AGO,empower,2.83431983,0.828426719,1.773933649,3.894706011
2017,AGO,execution,5.318800449,0.096335568,5.195490837,5.442110062
2018,AGO,execution,3.740919828,0.349724412,3.293272495,4.188567162
2017,AGO,exkill,5.318800449,0.096335568,5.195490837,5.442110062
2018,AGO,exkill,3.740919828,0.349724412,3.293272495,4.188567162
2017,AGO,express,5.867247105,0.6839118,4.991839886,6.742654324
2018,AGO,express,3.382374763,0.279376626,3.024772644,3.739976883
2017,AGO,physint,6.03524828,0.896203816,4.8881073,7.182389259
2018,AGO,physint,5.210410595,0.923634708,4.028158188,6.392663002
2017,AGO,polpart,5.916324139,0.122143529,5.759980202,6.072668076
2018,AGO,polpart,3.277483225,0.12696889,3.114963055,3.440003395
2017,AGO,tort,3.266510963,0.729118526,2.333239317,4.199782848
2018,AGO,tort,2.347155571,0.545721233,1.648632407,3.045678854
2017,AUS,arrest,6.593069077,0.329614639,6.171162128,7.014976025
2018,AUS,arrest,6.593069077,0.329614639,6.171162128,7.014976025
2017,AUS,assem,7.553826332,0.097632967,7.428855896,7.678796768
2018,AUS,assem,7.553826332,0.097632967,7.428855896,7.678796768
2017,AUS,disap,8.601046562,0.274498791,8.249688148,8.952404976
2018,AUS,disap,8.601046562,0.274498791,8.249688148,8.952404976
2017,AUS,dpex,8.696051598,0.325329423,8.279629707,9.112473488
2018,AUS,dpex,8.696044922,0.325330555,8.279622078,9.112467766
2017,AUS,empower,7.594750404,0.909066796,6.431144714,8.758356094
2018,AUS,empower,7.480457306,0.879529953,6.354659081,8.606255531
2017,AUS,execution,8.146055222,0.430862278,7.594551563,8.697559357
2018,AUS,execution,8.146055222,0.430862278,7.594551563,8.697559357
2017,AUS,exkill,8.146055222,0.430862278,7.594551563,8.697559357
2018,AUS,exkill,8.146055222,0.430862278,7.594551563,8.697559357
2017,AUS,express,6.954610825,0.289676815,6.583824635,7.325397015
2018,AUS,express,6.958247662,0.289407521,6.587806225,7.328689098
2017,AUS,physint,7.286812305,0.825720251,6.229890347,8.343733788
2018,AUS,physint,7.307980537,0.835072875,6.239087105,8.37687397
2017,AUS,polpart,7.972528458,0.735652089,7.030893803,8.914163589
2018,AUS,polpart,7.972528458,0.735652089,7.030893803,8.914163589
2017,AUS,tort,6.34286499,0.26407975,6.004842758,6.680887222
2018,AUS,tort,6.358547211,0.267983705,6.015528202,6.701566219
2017,BRA,arrest,4.506043434,0.06166086,4.427117348,4.584969521
2018,BRA,arrest,4.523593426,0.042848643,4.468747139,4.578439713
2017,BRA,assem,6.983593464,0.138582528,6.806207657,7.160979271
2018,BRA,assem,6.983593464,0.138582528,6.806207657,7.160979271
2017,BRA,disap,5.656192303,0.593776047,4.896159172,6.416225433
2018,BRA,disap,5.656192303,0.593776047,4.896159172,6.416225433
2017,BRA,dpex,8.829474449,0.037259709,8.78178215,8.877166748
2018,BRA,dpex,8.829476357,0.037255287,8.78178978,8.877162933
2017,BRA,empower,5.519118309,0.840942323,4.442712307,6.595524311
2018,BRA,empower,5.561745167,0.829942286,4.499419212,6.624071121
2017,BRA,execution,2.215892792,0.257458627,1.886345744,2.54543972
2018,BRA,execution,2.215892792,0.257458627,1.886345744,2.54543972
2017,BRA,exkill,2.215892792,0.257458627,1.886345744,2.54543972
2018,BRA,exkill,2.215892792,0.257458627,1.886345744,2.54543972
2017,BRA,express,4.763403416,0.543976545,4.0671134,5.459693432
2018,BRA,express,5.046267033,0.577096999,4.307582855,5.78495121
2017,BRA,physint,4.236330032,0.86465621,3.129570007,5.343090057
2018,BRA,physint,4.215268612,0.870656788,3.100827932,5.32970953
2017,BRA,polpart,5.628021717,0.092085116,5.510152817,5.745890617
2018,BRA,polpart,5.630412579,0.093337037,5.510941029,5.749884129
2017,BRA,tort,1.768204689,0.465899259,1.171853662,2.364555836
2018,BRA,tort,1.80100584,0.46895045,1.200749278,2.401262522
2017,COD,arrest,2.44570446,0.831838727,1.380950928,3.510457993
2018,COD,arrest,2.44570446,0.831838727,1.380950928,3.510457993
2017,COD,assem,2.40130496,0.215861827,2.125001907,2.677608013
2018,COD,assem,3.141654015,0.034557831,3.097419977,3.185888052
2017,COD,disap,5.044335842,0.705282986,4.141573429,5.947098255
2018,COD,disap,6.193324089,0.76832372,5.209869862,7.176778316
2017,COD,dpex,8.136537552,0.245469525,7.822336674,8.450738907
2018,COD,dpex,8.1365242,0.245439187,7.822361946,8.450686455
2017,COD,empower,1.950599313,0.92552042,0.765933156,3.13526535
2018,COD,empower,2.015310526,0.877816439,0.891705513,3.138915539
2017,COD,execution,7.058374882,0.256648451,6.729865074,7.386884689
2018,COD,execution,7.058374882,0.256648451,6.729865074,7.386884689
2017,COD,exkill,7.058374882,0.256648451,6.729865074,7.386884689
2018,COD,exkill,7.058374882,0.256648451,6.729865074,7.386884689
2017,COD,express,2.755637884,0.647044122,1.927421451,3.583854437
2018,COD,express,2.829041481,0.546488941,2.129535675,3.528547287
2017,COD,physint,5.241752148,0.86332798,4.136692524,6.346811771
2018,COD,physint,5.602362156,0.863035679,4.497676373,6.707047939
2017,COD,polpart,1.945153952,0.229148179,1.651844263,2.23846364
2018,COD,polpart,1.945153952,0.229148179,1.651844263,2.23846364
2017,COD,tort,1.996301413,0.590522587,1.240432501,2.752170324
2018,COD,tort,1.787465811,0.605644345,1.012241006,2.562690496
2017,FJI,arrest,7.066701889,0.691053033,6.182154179,7.951249599
2018,FJI,arrest,7.066701889,0.691053033,6.182154179,7.951249599
2017,FJI,assem,4.201996326,0.055669334,4.130739689,4.273252964
2018,FJI,assem,4.182289124,0.147362247,3.993665457,4.370913029
2017,FJI,disap,8.339030266,0.027318852,8.30406189,8.373998642
2018,FJI,disap,8.339030266,0.027318852,8.30406189,8.373998642
2017,FJI,dpex,9.016949654,0.118320577,8.865499496,9.168399811
2018,FJI,dpex,9.016952515,0.118314914,8.865509033,9.168395996
2017,FJI,empower,3.714086294,0.803279698,2.68588829,4.742284298
2018,FJI,empower,3.731815815,0.808327258,2.697156906,4.766474724
2017,FJI,execution,8.317489624,0.499239475,7.678462982,8.956516266
2018,FJI,execution,8.317489624,0.499239475,7.678462982,8.956516266
2017,FJI,exkill,8.317489624,0.499239475,7.678462982,8.956516266
2018,FJI,exkill,8.317489624,0.499239475,7.678462982,8.956516266
2017,FJI,express,3.405056715,0.143770918,3.221029997,3.589083433
2018,FJI,express,3.41095686,0.144413471,3.226107597,3.595806122
2017,FJI,physint,7.348617077,0.840004027,6.273411751,8.423822403
2018,FJI,physint,7.320554256,0.844233036,6.239935875,8.401172638
2017,FJI,polpart,4.445227623,0.079234809,4.34380722,4.546648026
2018,FJI,polpart,4.445227623,0.079234809,4.34380722,4.546648026
2017,FJI,tort,3.64341855,0.308186859,3.248939276,4.037897587
2018,FJI,tort,3.651175022,0.312548637,3.2511127,4.051237106
2017,GBR,arrest,7.541473389,0.294127762,7.164989948,7.917956829
2018,GBR,arrest,7.541473389,0.294127762,7.164989948,7.917956829
2017,GBR,assem,7.204465389,0.072142281,7.112123489,7.296807289
2018,GBR,assem,7.204465389,0.072142281,7.112123489,7.296807289
2017,GBR,disap,8.692573547,0.140678063,8.512505531,8.872641563
2018,GBR,disap,8.692573547,0.140678063,8.512505531,8.872641563
2017,GBR,dpex,8.648530006,0.094494827,8.527576447,8.769483566
2018,GBR,dpex,8.648525238,0.094494782,8.527571678,8.769478798
2017,GBR,empower,6.97887373,0.827511549,5.919659138,8.038088799
2018,GBR,empower,6.967782497,0.834070921,5.900171757,8.035393715
2017,GBR,execution,8.41114521,0.21419701,8.136973381,8.685317039
2018,GBR,execution,8.41114521,0.21419701,8.136973381,8.685317039
2017,GBR,exkill,8.41114521,0.21419701,8.136973381,8.685317039
2018,GBR,exkill,8.41114521,0.21419701,8.136973381,8.685317039
2017,GBR,express,7.123519421,0.343657374,6.683638096,7.563400745
2018,GBR,express,7.123280048,0.343276709,6.683886051,7.562674046
2017,GBR,physint,7.722445011,0.841791272,6.644952297,8.799938202
2018,GBR,physint,7.726563931,0.837407947,6.654681683,8.798445702
2017,GBR,polpart,6.811470032,0.163864881,6.601723194,7.021216869
2018,GBR,polpart,6.811470032,0.163864881,6.601723194,7.021216869
2017,GBR,tort,7.708123684,0.468553841,7.108374596,8.307872772
2018,GBR,tort,7.754621506,0.47591415,7.145451546,8.363791466
2017,JOR,arrest,5.537216187,0.081635877,5.432722092,5.641710281
2018,JOR,arrest,6.650350571,0.034220736,6.606547832,6.694153309
2017,JOR,assem,6.181382179,0.402148277,5.666632175,6.696132183
2018,JOR,assem,6.181382179,0.402148277,5.666632175,6.696132183
2017,JOR,disap,7.473407745,0.533869565,6.790054798,8.156761169
2018,JOR,disap,7.473407745,0.533869565,6.790054798,8.156761169
2017,JOR,dpex,5.256073952,0.801510751,4.230140209,6.282007694
2018,JOR,dpex,5.898218155,0.940708458,4.694111347,7.102324963
2017,JOR,empower,4.479878426,0.932506323,3.28627038,5.67348671
2018,JOR,empower,4.502244473,0.888902426,3.364449263,5.640039444
2017,JOR,execution,5.256073952,0.801510751,4.230140209,6.282007694
2018,JOR,execution,5.898218155,0.940708458,4.694111347,7.102324963
2017,JOR,exkill,6.452766418,0.184963241,6.216013432,6.689519405
2018,JOR,exkill,6.981291771,0.343694121,6.541363239,7.421220303
2017,JOR,express,4.079370022,0.639312685,3.261049747,4.897690296
2018,JOR,express,3.958948612,0.500060499,3.31887126,4.599026203
2017,JOR,physint,5.992784977,0.821425855,4.941359997,7.044209957
2018,JOR,physint,6.425695896,0.830224454,5.363008499,7.488383293
2017,JOR,polpart,4.204315662,0.490224957,3.576827765,4.831803799
2018,JOR,polpart,4.375385761,0.261999279,4.040026665,4.710744858
2017,JOR,tort,3.952466965,0.651215911,3.118910551,4.78602314
2018,JOR,tort,5.421925545,0.935273468,4.224775314,6.619075775
2017,KAZ,arrest,2.536269903,0.233466104,2.237433195,2.835106611
2018,KAZ,arrest,2.576432943,0.216446191,2.299381733,2.853484154
2017,KAZ,assem,1.869428158,0.203035131,1.609543204,2.129313231
2018,KAZ,assem,1.869428158,0.203035131,1.609543204,2.129313231
2017,KAZ,disap,8.319708824,0.099178657,8.192760468,8.446657181
2018,KAZ,disap,8.319708824,0.099178657,8.192760468,8.446657181
2017,KAZ,dpex,8.950466156,0.088972144,8.836582184,9.064350128
2018,KAZ,dpex,8.95046711,0.088963903,8.836593628,9.064340591
2017,KAZ,empower,1.690660954,0.865276992,0.583106399,2.798215389
2018,KAZ,empower,1.71677804,0.852749407,0.625258803,2.808297396
2017,KAZ,execution,7.591850281,0.087046206,7.48043108,7.703269482
2018,KAZ,execution,7.505847931,0.158719957,7.302686214,7.709009647
2017,KAZ,exkill,7.591850281,0.087046206,7.48043108,7.703269482
2018,KAZ,exkill,7.505847931,0.158719957,7.302686214,7.709009647
2017,KAZ,express,2.474720716,0.206872985,2.209923267,2.739518166
2018,KAZ,express,2.4787848,0.208898917,2.211394072,2.746175528
2017,KAZ,physint,6.515764713,0.850696743,5.42687273,7.604656696
2018,KAZ,physint,6.51392746,0.847249925,5.429447651,7.598407269
2017,KAZ,polpart,2.052569389,0.03875887,2.002958059,2.102180719
2018,KAZ,polpart,2.052569389,0.03875887,2.002958059,2.102180719
2017,KAZ,tort,3.822985411,0.516710877,3.161595583,4.484375477
2018,KAZ,tort,3.815884829,0.468574643,3.216109276,4.415660381
2017,KGZ,arrest,8.277931213,0.121650845,8.122218132,8.433644295
2018,KGZ,arrest,8.285017014,0.125638902,8.124198914,8.445835114
2017,KGZ,assem,6.134558201,0.257063836,5.80551672,6.463599682
2018,KGZ,assem,5.247868061,0.331511587,4.823533058,5.672203064
2017,KGZ,disap,8.336758614,0.078970708,8.235675812,8.437841415
2018,KGZ,disap,8.336758614,0.078970708,8.235675812,8.437841415
2017,KGZ,dpex,8.950501442,0.088904865,8.8367033,9.064299583
2018,KGZ,dpex,8.950496674,0.088908553,8.836693764,9.064299583
2017,KGZ,empower,6.071479321,0.832966506,5.005282402,7.137676239
2018,KGZ,empower,4.179319859,0.863879263,3.073554516,5.285085201
2017,KGZ,execution,8.933825493,0.28836903,8.564713478,9.302937508
2018,KGZ,execution,8.933825493,0.28836903,8.564713478,9.302937508
2017,KGZ,exkill,8.933825493,0.28836903,8.564713478,9.302937508
2018,KGZ,exkill,8.933825493,0.28836903,8.564713478,9.302937508
2017,KGZ,express,5.733760834,0.221274763,5.450529099,6.016992569
2018,KGZ,express,4.78010273,0.55675,4.067462921,5.492742538
2017,KGZ,physint,7.744180679,0.842690229,6.665537357,8.822824478
2018,KGZ,physint,7.687049866,0.840259671,6.611517429,8.762581825
2017,KGZ,polpart,6.558835506,0.273922294,6.20821476,6.909456253
2018,KGZ,polpart,3.797730207,0.396631688,3.290041685,4.305418968
2017,KGZ,tort,3.90896678,0.535024047,3.224136114,4.593797684
2018,KGZ,tort,3.746394634,0.539480448,3.055859566,4.436929703
2017,KOR,arrest,7.859806538,0.09425579,7.739159107,7.980453968
2018,KOR,arrest,7.854999065,0.094513692,7.734021664,7.975976467
2017,KOR,assem,7.478717804,0.516622543,6.817440987,8.139994621
2018,KOR,assem,7.506127834,0.550423622,6.801585674,8.210670471
2017,KOR,disap,9.316161156,0.701337337,8.418449402,10.21387291
2018,KOR,disap,9.316161156,0.701337337,8.418449402,10.21387291
2017,KOR,dpex,7.967671394,0.237812907,7.66327095,8.272071838
2018,KOR,dpex,7.967682362,0.237794399,7.663305759,8.272059441
2017,KOR,empower,6.97847271,0.917279184,5.804355145,8.152589798
2018,KOR,empower,7.063123226,0.864834189,5.956135273,8.170110703
2017,KOR,execution,7.967671394,0.237812907,7.66327095,8.272071838
2018,KOR,execution,7.967682362,0.237794399,7.663305759,8.272059441
2017,KOR,exkill,8.16036129,0.342077076,7.722502708,8.598219872
2018,KOR,exkill,8.16036129,0.342077076,7.722502708,8.598219872
2017,KOR,express,6.451663971,0.411962599,5.924351692,6.97897625
2018,KOR,express,6.476026058,0.408527195,5.953111172,6.998940945
2017,KOR,physint,7.833349705,0.862350583,6.729540825,8.937158585
2018,KOR,physint,7.901535511,0.856839716,6.804780483,8.998290062
2017,KOR,polpart,7.363167763,0.22851716,7.070665836,7.655669689
2018,KOR,polpart,7.363167763,0.22851716,7.070665836,7.655669689
2017,KOR,tort,8.033530235,0.453967303,7.452452183,8.614608765
2018,KOR,tort,8.042168617,0.458850384,7.454840183,8.629497528
2017,LBR,arrest,6.339134216,1.014184713,5.040977955,7.637290478
2018,LBR,arrest,5.734832764,0.897013009,4.586656094,6.883009434
2017,LBR,assem,9.094700813,0.356108159,8.638882637,9.55051899
2018,LBR,assem,9.094700813,0.356108159,8.638882637,9.55051899
2017,LBR,disap,8.311484337,0.069541924,8.222470284,8.40049839
2018,LBR,disap,7.448047638,0.573263705,6.714270115,8.181825638
2017,LBR,dpex,8.361256599,0.114290334,8.214964867,8.507548332
2018,LBR,dpex,8.361253738,0.11429926,8.214950562,8.507556915
2017,LBR,empower,8.288417816,0.949729621,7.07276392,9.504072189
2018,LBR,empower,8.499938965,0.989109099,7.233879089,9.76599884
2017,LBR,execution,7.302488327,0.678859115,6.43354845,8.171427727
2018,LBR,execution,6.629562378,0.567322433,5.903389454,7.355735302
2017,LBR,exkill,7.302488327,0.678859115,6.43354845,8.171427727
2018,LBR,exkill,6.629562378,0.567322433,5.903389454,7.355735302
2017,LBR,express,7.499866486,0.915494919,6.32803297,8.671699524
2018,LBR,express,8.04972744,0.631638825,7.241229534,8.858224869
2017,LBR,physint,7.000183105,0.84069103,5.924098492,8.076267242
2018,LBR,physint,6.486706734,0.83824873,5.413748264,7.559665203
2017,LBR,polpart,7.72476244,1.251907349,6.122321129,9.327203751
2018,LBR,polpart,7.854337692,0.573910594,7.119731903,8.588943481
2017,LBR,tort,6.133953094,0.537249684,5.446273327,6.821632862
2018,LBR,tort,4.553790092,0.492582887,3.923284054,5.184296131
2017,MEX,arrest,2.908890963,0.007319063,2.899522543,2.918259382
2018,MEX,arrest,2.908890963,0.007319063,2.899522543,2.918259382
2017,MEX,assem,6.269343853,0.628344715,5.465062618,7.073625088
2018,MEX,assem,6.269343853,0.628344715,5.465062618,7.073625088
2017,MEX,disap,2.205443621,0.532304943,1.52409327,2.886793852
2018,MEX,disap,2.205443621,0.532304943,1.52409327,2.886793852
2017,MEX,dpex,9.035683632,0.204091534,8.774446487,9.296920776
2018,MEX,dpex,9.035689354,0.204089746,8.774454117,9.296924591
2017,MEX,empower,4.321783066,0.855912149,3.226215601,5.417350769
2018,MEX,empower,4.439508438,0.844322085,3.358776093,5.520240784
2017,MEX,execution,3.42679143,0.320023775,3.017160892,3.836421967
2018,MEX,execution,3.426790953,0.320023298,3.017161131,3.836420774
2017,MEX,exkill,3.42679143,0.320023775,3.017160892,3.836421967
2018,MEX,exkill,3.426790953,0.320023298,3.017161131,3.836420774
2017,MEX,express,3.925276995,0.094741605,3.804007769,4.046546459
2018,MEX,express,3.925283909,0.09499874,3.803685427,4.046882153
2017,MEX,physint,3.417423248,0.839687824,2.342622757,4.49222374
2018,MEX,physint,3.431087732,0.83040756,2.36816597,4.494009495
2017,MEX,polpart,3.926654816,0.202076018,3.667997599,4.185312271
2018,MEX,polpart,4.431475163,0.225661278,4.14262867,4.720321655
2017,MEX,tort,1.770024896,0.48565352,1.148388386,2.391661406
2018,MEX,tort,1.871020198,0.489012569,1.245084167,2.496956348
2017,MOZ,arrest,3.910638332,0.56829071,3.183226109,4.638050556
2018,MOZ,arrest,3.782387257,0.684186518,2.906628609,4.658145905
2017,MOZ,assem,5.539292812,0.235734627,5.237552643,5.841032982
2018,MOZ,assem,5.106199265,0.481833309,4.489452839,5.72294569
2017,MOZ,disap,5.286861897,0.226519138,4.996917248,5.576806545
2018,MOZ,disap,4.681402683,0.047164537,4.621032238,4.741773129
2017,MOZ,dpex,9.118656158,0.15662168,8.918180466,9.319131851
2018,MOZ,dpex,9.11865139,0.156630009,8.918165207,9.319137573
2017,MOZ,empower,3.743663311,0.825102925,2.687531471,4.799795151
2018,MOZ,empower,4.101801395,0.829971194,3.039438248,5.164164543
2017,MOZ,execution,6.830283165,0.021843109,6.802323818,6.858242512
2018,MOZ,execution,5.377222538,0.686874151,4.49802351,6.256421566
2017,MOZ,exkill,6.830283165,0.021843109,6.802323818,6.858242512
2018,MOZ,exkill,5.377222538,0.686874151,4.49802351,6.256421566
2017,MOZ,express,3.75051713,0.548156321,3.048877001,4.452157021
2018,MOZ,express,3.933947325,0.496689975,3.298184156,4.569710732
2017,MOZ,physint,5.547465801,0.808121145,4.513070583,6.581861019
2018,MOZ,physint,5.077062607,0.848974764,3.990374804,6.163750172
2017,MOZ,polpart,3.02848506,0.06618318,2.943770647,3.113199472
2018,MOZ,polpart,4.149311543,0.039825182,4.098335266,4.200287819
2017,MOZ,tort,2.784666777,0.426537067,2.238699436,3.330634117
2018,MOZ,tort,3.698009968,0.750026882,2.737975597,4.658044338
2017,NPL,arrest,7.417367935,0.102013454,7.286790848,7.547945023
2018,NPL,arrest,7.417367935,0.102013446,7.286790848,7.547945023
2017,NPL,assem,7.358912468,0.729884803,6.424659729,8.293165207
2018,NPL,assem,7.358912468,0.729884803,6.424659729,8.293165207
2017,NPL,disap,8.773349762,0.267692506,8.430703163,9.115996361
2018,NPL,disap,8.773349762,0.267692506,8.430703163,9.115996361
2017,NPL,dpex,9.932600021,0.513848305,9.274873734,10.59032631
2018,NPL,dpex,9.932594299,0.513837337,9.274882317,10.59030628
2017,NPL,empower,5.263507843,0.872846067,4.14626503,6.380750656
2018,NPL,empower,5.335151196,0.923066437,4.153625965,6.516676426
2017,NPL,execution,7.50500679,0.251967251,7.182488918,7.827524662
2018,NPL,execution,7.548294544,0.291894078,7.174670219,7.921918869
2017,NPL,exkill,7.50500679,0.251967251,7.182488918,7.827524662
2018,NPL,exkill,7.548294544,0.291894078,7.174670219,7.921918869
2017,NPL,express,3.709186316,0.302623034,3.321828842,4.096543789
2018,NPL,express,3.591196537,0.319585711,3.18212676,4.000266075
2017,NPL,physint,7.394081593,0.839356065,6.319705963,8.468457222
2018,NPL,physint,7.444926739,0.825886726,6.387791634,8.502061844
2017,NPL,polpart,5.758290291,0.466003507,5.16180563,6.354774952
2018,NPL,polpart,5.758290291,0.466003507,5.16180563,6.354774952
2017,NPL,tort,5.55017662,0.767453372,4.567836285,6.532516956
2018,NPL,tort,5.232378483,0.771307766,4.245104313,6.219652653
2017,NZL,arrest,8.646052361,0.399124444,8.135172844,9.156931877
2018,NZL,arrest,8.646052361,0.399124444,8.135172844,9.156931877
2017,NZL,assem,7.589692116,0.131856561,7.420915604,7.758468628
2018,NZL,assem,7.589692116,0.131856561,7.420915604,7.758468628
2017,NZL,disap,8.709670067,0.052844435,8.642028809,8.777311325
2018,NZL,disap,8.709670067,0.052844435,8.642028809,8.777311325
2017,NZL,dpex,8.840531349,0.034495972,8.796376228,8.88468647
2018,NZL,dpex,8.840537071,0.034487363,8.796393394,8.884680748
2017,NZL,empower,7.099226952,0.833874345,6.031867981,8.166585922
2018,NZL,empower,7.106297016,0.85167563,6.016152382,8.19644165
2017,NZL,execution,8.536786079,0.232971936,8.238581657,8.834990501
2018,NZL,execution,8.536786079,0.232971936,8.238581657,8.834990501
2017,NZL,exkill,8.536786079,0.232971936,8.238581657,8.834990501
2018,NZL,exkill,8.536786079,0.232971936,8.238581657,8.834990501
2017,NZL,express,7.352108479,0.165656954,7.140067577,7.56414938
2018,NZL,express,7.356660366,0.16576238,7.14448452,7.568836212
2017,NZL,physint,7.929245472,0.86222738,6.825594425,9.032896042
2018,NZL,physint,7.879376888,0.853094757,6.787415504,8.971338272
2017,NZL,polpart,6.672362328,0.130068749,6.505874157,6.838850498
2018,NZL,polpart,6.672362328,0.130068749,6.505874157,6.838850498
2017,NZL,tort,8.27007103,0.316544294,7.86489439,8.675248146
2018,NZL,tort,8.287899971,0.317671865,7.881279945,8.694519997
2017,SAU,arrest,1.690232992,0.399272025,1.179164767,2.201301098
2018,SAU,arrest,1.803735733,0.42753312,1.25649333,2.350978136
2017,SAU,assem,1.634525061,0.37430352,1.155416608,2.113633633
2018,SAU,assem,1.634525061,0.37430352,1.155416608,2.113633633
2017,SAU,disap,2.269889593,0.086099468,2.159682274,2.380096912
2018,SAU,disap,2.269888639,0.086099029,2.159681797,2.380095482
2017,SAU,dpex,1.005417466,0.417776644,0.470663369,1.540171623
2018,SAU,dpex,1.008666396,0.522906899,0.339345574,1.677987218
2017,SAU,empower,1.015911341,0.918690085,-0.160011962,2.191834688
2018,SAU,empower,1.329931617,0.879107356,0.204674199,2.45518899
2017,SAU,execution,1.005417466,0.417776644,0.470663369,1.540171623
2018,SAU,execution,1.008666396,0.522906899,0.339345574,1.677987218
2017,SAU,exkill,1.424475431,0.77441746,0.433221072,2.415729761
2018,SAU,exkill,2.50451827,1.008685112,1.213401318,3.795635223
2017,SAU,express,1.714477181,0.367629766,1.243911028,2.185043335
2018,SAU,express,2.083683014,0.350573808,1.634948492,2.532417536
2017,SAU,physint,1.895935893,0.909696281,0.731524646,3.06034708
2018,SAU,physint,2.327046633,0.868878663,1.214881897,3.439211369
2017,SAU,polpart,1.584320664,0.09849596,1.458245873,1.710395455
2018,SAU,polpart,1.584320664,0.098495953,1.458245873,1.710395455
2017,SAU,tort,1.694736362,0.572301328,0.962190688,2.427282095
2018,SAU,tort,1.676848531,0.716073155,0.760274887,2.593422174
2017,USA,arrest,3.181914806,0.044338595,3.125161409,3.238668203
2018,USA,arrest,4.370944977,0.047962591,4.30955267,4.432337284
2017,USA,assem,6.099921227,0.10402903,5.966763973,6.23307848
2018,USA,assem,6.099921227,0.10402903,5.966763973,6.23307848
2017,USA,disap,7.291245461,0.032564174,7.249563217,7.332927704
2018,USA,disap,7.291245461,0.032564174,7.249563217,7.332927704
2017,USA,dpex,5.146941662,0.093360074,5.027440548,5.266442776
2018,USA,dpex,5.322529316,0.089325152,5.208193302,5.43686533
2017,USA,empower,5.266097069,0.81940937,4.217253208,6.314940929
2018,USA,empower,5.259460449,0.806692243,4.226894379,6.29202652
2017,USA,execution,4.13039875,0.654320121,3.292869091,4.96792841
2018,USA,execution,4.13039875,0.654320121,3.292869091,4.96792841
2017,USA,exkill,4.13039875,0.654320121,3.292869091,4.96792841
2018,USA,exkill,4.13039875,0.654320121,3.292869091,4.96792841
2017,USA,express,5.582663536,0.309516072,5.186482906,5.978844166
2018,USA,express,5.588101387,0.309664816,5.191730499,5.984472275
2017,USA,physint,4.683328629,0.849790037,3.595597267,5.77105999
2018,USA,physint,4.995532036,0.831449151,3.931277037,6.059786797
2017,USA,polpart,4.706921577,0.066178694,4.622212887,4.791630268
2018,USA,polpart,4.70351696,0.052482624,4.636339188,4.770694733
2017,USA,tort,3.344442368,0.514173567,2.686300278,4.002584457
2018,USA,tort,3.850737095,0.570182562,3.120903492,4.580570698
2017,VEN,arrest,1.399126887,1.001600146,0.117078699,2.681174994
2018,VEN,arrest,1.219983935,0.922088444,0.039710727,2.400257111
2017,VEN,assem,3.663595676,0.195930317,3.412804842,3.914386511
2018,VEN,assem,3.582592964,0.264180005,3.244442463,3.920743465
2017,VEN,disap,4.52337265,0.250938952,4.202170849,4.844574451
2018,VEN,disap,4.025478363,0.167331234,3.811294317,4.23966217
2017,VEN,dpex,8.941744804,0.235960215,8.639716148,9.24377346
2018,VEN,dpex,8.941737175,0.235957593,8.63971138,9.24376297
2017,VEN,empower,2.742094278,0.842452347,1.663755298,3.820433378
2018,VEN,empower,2.877043486,0.827731192,1.81754756,3.936539412
2017,VEN,execution,3.353515625,0.394545078,2.848497868,3.858533382
2018,VEN,execution,3.83190155,0.216449827,3.55484581,4.108957291
2017,VEN,exkill,3.353515625,0.394545078,2.848497868,3.858533382
2018,VEN,exkill,3.83190155,0.216449827,3.55484581,4.108957291
2017,VEN,express,3.383198023,0.131311119,3.215119839,3.551276207
2018,VEN,express,3.381916046,0.13371858,3.210756302,3.55307579
2017,VEN,physint,3.899104834,0.846579075,2.81548357,4.982726097
2018,VEN,physint,3.926128387,0.821291208,2.874875546,4.977381229
2017,VEN,polpart,2.366332769,0.025454685,2.333750725,2.398914814
2018,VEN,polpart,3.015818834,0.092787676,2.897050619,3.134587049
2017,VEN,tort,2.447491884,0.472927511,1.842144728,3.052839041
2018,VEN,tort,2.430722713,0.512037456,1.775314808,3.086130619
2017,VNM,arrest,2.960594416,0.09821929,2.834873676,3.086315155
2018,VNM,arrest,3.409741402,0.093246982,3.290385246,3.529097557
2017,VNM,assem,2.249235868,0.11256545,2.10515213,2.393319607
2018,VNM,assem,2.271548271,0.108349562,2.132860899,2.410235643
2017,VNM,disap,7.164000511,0.021806149,7.136088848,7.191912174
2018,VNM,disap,7.164000511,0.021806149,7.136088848,7.191912174
2017,VNM,dpex,2.957005501,0.106723972,2.820398808,3.093612194
2018,VNM,dpex,2.989001751,0.0517786,2.922725201,3.055278301
2017,VNM,empower,2.400117397,0.844897151,1.318649054,3.481585741
2018,VNM,empower,2.420739174,0.843254268,1.341373682,3.500104666
2017,VNM,execution,2.957005501,0.106723972,2.820398808,3.093612194
2018,VNM,execution,2.989001751,0.0517786,2.922725201,3.055278301
2017,VNM,exkill,5.850130558,0.818015873,4.803070068,6.897191048
2018,VNM,exkill,5.850130558,0.818015873,4.803070068,6.897191048
2017,VNM,express,2.50711894,0.112890825,2.362618685,2.651619196
2018,VNM,express,2.513858795,0.11249274,2.36986804,2.65784955
2017,VNM,physint,5.093808174,0.894215643,3.949212074,6.238404274
2018,VNM,physint,5.225795269,0.920711696,4.047284126,6.404306412
2017,VNM,polpart,3.503646612,0.426822662,2.957313538,4.049979687
2018,VNM,polpart,3.503646612,0.426822662,2.957313538,4.049979687
2017,VNM,tort,2.764567137,0.260757327,2.430797815,3.098336458
2018,VNM,tort,2.753864288,0.265790641,2.413652182,3.094076395
